run_date,event_date,company,drug,event_type,title,source,link,nct_id,status
2026-03-19,2025-10-23,CeleCor Therapeutics,Zalunfiban,trial,A Phase 3 Study of Zalunfiban in Subjects With ST-elevation MI,clinicaltrials.gov,https://clinicaltrials.gov/study/NCT04825743,NCT04825743,ACTIVE_NOT_RECRUITING
2026-03-19,,CeleCor Therapeutics,Zalunfiban,press,Untitled,www.celecor.com,https://www.celecor.com/,,
2026-03-19,,CeleCor Therapeutics,Zalunfiban,press,About zalunfiban (Disaggpro™ ),www.celecor.com,https://www.celecor.com/about-zalunfiban/,,
2026-03-19,,CeleCor Therapeutics,Zalunfiban,press,Clinical development,www.celecor.com,https://www.celecor.com/clinical-trials/,,
2026-03-19,,CeleCor Therapeutics,Zalunfiban,press,CeleBrate trial results,www.celecor.com,https://www.celecor.com/celebrate-results/,,
2026-03-19,,CeleCor Therapeutics,Zalunfiban,press,News,www.celecor.com,https://www.celecor.com/news/,,
2026-03-19,,CeleCor Therapeutics,Zalunfiban,press,Read more,www.celecor.com,https://www.celecor.com/rapid-zalunfiban-treatment-at-1st-point-of-medical-contact-lowered-risk-of-more-severe-heart-damage-in-combination-with-other-serious-heart-attack-complications/,,
2026-03-19,,CeleCor Therapeutics,Zalunfiban,press,Read more,www.celecor.com,https://www.celecor.com/phase-3-study-of-novel-anti-platelet-drug-for-heart-attack-reports-positive-topline-results/,,
2026-03-19,2025-10-24,NewAmsterdam Pharma,Obicetrapib,trial,Prevail Global Study,clinicaltrials.gov,https://clinicaltrials.gov/study/NCT06535854,NCT06535854,RECRUITING
2026-03-19,2024-02-16,NewAmsterdam Pharma,Obicetrapib,trial,Prevail Drug Balloon Study,clinicaltrials.gov,https://clinicaltrials.gov/study/NCT05562089,NCT05562089,UNKNOWN
2026-03-19,2019-09-30,NewAmsterdam Pharma,Obicetrapib,trial,The PREVAIL Study,clinicaltrials.gov,https://clinicaltrials.gov/study/NCT03260517,NCT03260517,COMPLETED
2026-03-19,,NewAmsterdam Pharma,Obicetrapib,press,Overview,ir.newamsterdampharma.com,https://ir.newamsterdampharma.com/investor-relations,,
2026-03-19,,NewAmsterdam Pharma,Obicetrapib,press,News & Events,ir.newamsterdampharma.com,https://ir.newamsterdampharma.com/news-events/press-releases,,
2026-03-19,,NewAmsterdam Pharma,Obicetrapib,press,Events & Presentations,ir.newamsterdampharma.com,https://ir.newamsterdampharma.com/news-events/events-and-presentations,,
2026-03-19,,NewAmsterdam Pharma,Obicetrapib,press,Corporate Governance,ir.newamsterdampharma.com,https://ir.newamsterdampharma.com/corporate-governance/governance-overview,,
2026-03-19,,NewAmsterdam Pharma,Obicetrapib,press,Committee Composition,ir.newamsterdampharma.com,https://ir.newamsterdampharma.com/corporate-governance/committee-composition,,
2026-03-19,,NewAmsterdam Pharma,Obicetrapib,press,Financial Information,ir.newamsterdampharma.com,https://ir.newamsterdampharma.com/financial-information/sec-filings,,
2026-03-19,,NewAmsterdam Pharma,Obicetrapib,press,Annual Meeting,ir.newamsterdampharma.com,https://ir.newamsterdampharma.com/financial-information/annual-meeting,,
2026-03-19,,NewAmsterdam Pharma,Obicetrapib,press,Stock Information,ir.newamsterdampharma.com,https://ir.newamsterdampharma.com/stock-information/stock-quote-chart,,
2026-03-19,,NewAmsterdam Pharma,Obicetrapib,press,Analyst Coverage,ir.newamsterdampharma.com,https://ir.newamsterdampharma.com/stock-information/analyst-coverage,,
2026-03-19,,NewAmsterdam Pharma,Obicetrapib,press,Shareholder Services,ir.newamsterdampharma.com,https://ir.newamsterdampharma.com/shareholder-services/investor-faqs,,
2026-03-19,,NewAmsterdam Pharma,Obicetrapib,press,Email Alerts,ir.newamsterdampharma.com,https://ir.newamsterdampharma.com/shareholder-services/email-alerts,,
2026-03-19,,NewAmsterdam Pharma,Obicetrapib,press,Contact IR,ir.newamsterdampharma.com,https://ir.newamsterdampharma.com/shareholder-services/contact-ir,,
2026-03-19,,NewAmsterdam Pharma,Obicetrapib,press,NewAmsterdam Pharma Reports Inducement Grants Under Nasdaq Listing Rule 5635(c)(4),ir.newamsterdampharma.com,https://ir.newamsterdampharma.com/news-releases/news-release-details/newamsterdam-pharma-reports-inducement-grants-under-nasdaq-15,,
2026-03-19,,NewAmsterdam Pharma,Obicetrapib,press,pdf,ir.newamsterdampharma.com,https://ir.newamsterdampharma.com/node/10101/pdf,,
2026-03-19,,NewAmsterdam Pharma,Obicetrapib,press,NewAmsterdam Pharma to Participate at Upcoming Investor Conferences in March,ir.newamsterdampharma.com,https://ir.newamsterdampharma.com/news-releases/news-release-details/newamsterdam-pharma-participate-upcoming-investor-conferences-5,,
2026-03-19,2026-03-11,Novo Nordisk,Ziltivekimab,trial,A Research Study to Look at How Ziltivekimab Works Compared to Placebo in People With Heart Failure and Inflammation,clinicaltrials.gov,https://clinicaltrials.gov/study/NCT05636176,NCT05636176,RECRUITING
2026-03-19,2025-12-31,Novo Nordisk,Ziltivekimab,trial,Trial to Evaluate Reduction in Inflammation in Patients With Advanced Chronic Renal Disease Utilizing Antibody Mediated IL-6 Inhibition,clinicaltrials.gov,https://clinicaltrials.gov/study/NCT03926117,NCT03926117,COMPLETED
2026-03-19,2025-12-31,Novo Nordisk,Ziltivekimab,trial,ARTEMIS - A Research Study to Look at How Ziltivekimab Works Compared to Placebo in People With a Heart Attack,clinicaltrials.gov,https://clinicaltrials.gov/study/NCT06118281,NCT06118281,RECRUITING
2026-03-19,2025-12-11,Novo Nordisk,Ziltivekimab,trial,Effects of Ziltivekimab on Coronary Atherosclerotic Burden in Patients With Acute Myocardial Infarction,clinicaltrials.gov,https://clinicaltrials.gov/study/NCT07276282,NCT07276282,NOT_YET_RECRUITING
2026-03-19,2025-12-02,Novo Nordisk,Ziltivekimab,trial,"ZEUS - A Research Study to Look at How Ziltivekimab Works Compared to Placebo in People With Cardiovascular Disease, Chronic Kidney Disease and Inflammation",clinicaltrials.gov,https://clinicaltrials.gov/study/NCT05021835,NCT05021835,ACTIVE_NOT_RECRUITING
2026-03-19,,Novo Nordisk,Ziltivekimab,press,search.html,www.novonordisk-us.com,https://www.novonordisk-us.com/search.html,,
2026-03-19,,Novo Nordisk,Ziltivekimab,press,Contact us,www.novonordisk-us.com,https://www.novonordisk-us.com/contact-us.html,,
2026-03-19,,Novo Nordisk,Ziltivekimab,press,who-we-are.html,www.novonordisk-us.com,https://www.novonordisk-us.com/about/who-we-are.html,,
2026-03-19,,Novo Nordisk,Ziltivekimab,press,what-we-do.html,www.novonordisk-us.com,https://www.novonordisk-us.com/about/what-we-do.html,,
2026-03-19,,Novo Nordisk,Ziltivekimab,press,perspectives.html,www.novonordisk-us.com,https://www.novonordisk-us.com/about/perspectives.html,,
2026-03-19,,Novo Nordisk,Ziltivekimab,press,Copyright,www.novonordisk-us.com,https://www.novonordisk-us.com/copyright.html,,
2026-03-19,,Novo Nordisk,Ziltivekimab,press,Report a side effect or product complaint,www.novonordisk-us.com,https://www.novonordisk-us.com/patient-help/safety-reporting.html,,
2026-03-19,,Novo Nordisk,Ziltivekimab,press,Select location,www.novonordisk-us.com,https://www.novonordisk-us.com/location.html,,
2026-03-19,,Novo Nordisk,Ziltivekimab,press,Privacy Policy,www.novonordisk-us.com,https://www.novonordisk-us.com/privacy-notice.html,,
2026-03-19,,Novo Nordisk,Ziltivekimab,press,Consumer Health Data Privacy Notice,www.novonordisk-us.com,https://www.novonordisk-us.com/privacy-notice/consumer-health-data-privacy-notice.html,,
2026-03-19,,Novo Nordisk,Ziltivekimab,press,Cookie Notice,www.novonordisk-us.com,https://www.novonordisk-us.com/cookie-policy.html,,
2026-03-19,2019-12-18,Novartis,Pacibekitug,trial,Interleukin-1 (IL-1) Blockade in Acute Myocardial Infarction (VCU-ART3),clinicaltrials.gov,https://clinicaltrials.gov/study/NCT01950299,NCT01950299,COMPLETED
2026-03-19,,Novartis,Pacibekitug,press,Untitled,www.novartis.com,https://www.novartis.com/,,
2026-03-19,,Novartis,Pacibekitug,press,Argentina | Español,www.novartis.com,https://www.novartis.com/ar-es/,,
2026-03-19,,Novartis,Pacibekitug,press,Brazil | Português,www.novartis.com,https://www.novartis.com/br-pt/,,
2026-03-19,,Novartis,Pacibekitug,press,Canada | English,www.novartis.com,https://www.novartis.com/ca-en/,,
2026-03-19,,Novartis,Pacibekitug,press,Canada | Français,www.novartis.com,https://www.novartis.com/ca-fr/,,
2026-03-19,,Novartis,Pacibekitug,press,Andean & CAC | Español,www.novartis.com,https://www.novartis.com/acc-es/,,
2026-03-19,,Novartis,Pacibekitug,press,Colombia | Español,www.novartis.com,https://www.novartis.com/co-es/,,
2026-03-19,,Novartis,Pacibekitug,press,Mexico | Español,www.novartis.com,https://www.novartis.com/mx-es/,,
2026-03-19,,Novartis,Pacibekitug,press,United States | English,www.novartis.com,https://www.novartis.com/us-en/,,
2026-03-19,,Novartis,Pacibekitug,press,Australia | English,www.novartis.com,https://www.novartis.com/au-en/,,
2026-03-19,,Novartis,Pacibekitug,press,Hong Kong S.A.R. | 繁體中文,www.novartis.com,https://www.novartis.com/hk-zh/,,
2026-03-19,,Novartis,Pacibekitug,press,India | English,www.novartis.com,https://www.novartis.com/in-en/,,
2026-03-19,,Novartis,Pacibekitug,press,Indonesia | English,www.novartis.com,https://www.novartis.com/id-en/,,
2026-03-19,,Novartis,Pacibekitug,press,Japan | 日本語,www.novartis.com,https://www.novartis.com/jp-ja/,,
2026-03-19,,Novartis,Pacibekitug,press,Korea | 한국어,www.novartis.com,https://www.novartis.com/kr-ko/,,
2026-03-19,2026-02-27,Novartis,Pelacarsen,trial,Assessing the Impact of Lipoprotein (a) Lowering With Pelacarsen (TQJ230) on Major Cardiovascular Events in Patients With CVD,clinicaltrials.gov,https://clinicaltrials.gov/study/NCT04023552,NCT04023552,ACTIVE_NOT_RECRUITING
2026-03-19,2022-01-03,Novartis,Pelacarsen,trial,Influence of Pelacarsen on Patients After Myocardial Infarction With High Lp(a) Values (PEMILA),clinicaltrials.gov,https://clinicaltrials.gov/study/NCT04993664,NCT04993664,WITHDRAWN
2026-03-19,2026-03-06,Amgen,Olpasiran,trial,OCEAN(a)-PreEvent - Olpasiran Trials of Cardiovascular Events And LipoproteiN(a) Reduction to Prevent First Major Cardiovascular Events,clinicaltrials.gov,https://clinicaltrials.gov/study/NCT07136012,NCT07136012,RECRUITING
2026-03-19,2026-02-27,Amgen,Olpasiran,trial,Olpasiran Trials of Cardiovascular Events and Lipoprotein(a) Reduction (OCEAN(a)) - Outcomes Trial,clinicaltrials.gov,https://clinicaltrials.gov/study/NCT05581303,NCT05581303,ACTIVE_NOT_RECRUITING
2026-03-19,,Amgen,Olpasiran,press,Untitled,www.amgen.com,https://www.amgen.com/,,
2026-03-19,,Amgen,Olpasiran,press,About,www.amgen.com,https://www.amgen.com/about,,
2026-03-19,,Amgen,Olpasiran,press,Amgen History,www.amgen.com,https://www.amgen.com/about/amgen-history,,
2026-03-19,,Amgen,Olpasiran,press,Mission and Values,www.amgen.com,https://www.amgen.com/about/mission-and-values,,
2026-03-19,,Amgen,Olpasiran,press,Leadership,www.amgen.com,https://www.amgen.com/about/leadership,,
2026-03-19,,Amgen,Olpasiran,press,Awards and Accolades,www.amgen.com,https://www.amgen.com/about/awards-and-accolades,,
2026-03-19,,Amgen,Olpasiran,press,Therapy Areas,www.amgen.com,https://www.amgen.com/about/therapy-areas,,
2026-03-19,,Amgen,Olpasiran,press,Cardiovascular Metabolic,www.amgen.com,https://www.amgen.com/about/therapy-areas/cardiovascular,,
2026-03-19,,Amgen,Olpasiran,press,Bone Health,www.amgen.com,https://www.amgen.com/about/therapy-areas/bone-health,,
2026-03-19,,Amgen,Olpasiran,press,Inflammation,www.amgen.com,https://www.amgen.com/about/therapy-areas/inflammation,,
2026-03-19,,Amgen,Olpasiran,press,Oncology,www.amgen.com,https://www.amgen.com/about/therapy-areas/oncology,,
2026-03-19,,Amgen,Olpasiran,press,How We Operate,www.amgen.com,https://www.amgen.com/about/how-we-operate,,
2026-03-19,,Amgen,Olpasiran,press,Corporate Governance,www.amgen.com,https://www.amgen.com/about/how-we-operate/corporate-governance,,
2026-03-19,,Amgen,Olpasiran,press,Business Ethics and Compliance,www.amgen.com,https://www.amgen.com/responsibility/a-healthy-amgen/business-ethics-and-compliance,,
2026-03-19,,Amgen,Olpasiran,press,"Policies, Practices and Disclosures",www.amgen.com,https://www.amgen.com/about/how-we-operate/policies-practices-and-disclosures,,
2026-03-19,2026-03-02,Eli Lilly,Lepodisiran,trial,A Study to Investigate the Effect of Lepodisiran on the Reduction of Major Adverse Cardiovascular Events in Adults With Elevated Lipoprotein(a) - ACCLAIM-Lp(a),clinicaltrials.gov,https://clinicaltrials.gov/study/NCT06292013,NCT06292013,ACTIVE_NOT_RECRUITING
2026-03-19,2026-03-13,Bristol Myers Squibb / Janssen,Milvexian,trial,A Study of Milvexian in Participants After an Acute Ischemic Stroke or High-Risk Transient Ischemic Attack- LIBREXIA-STROKE,clinicaltrials.gov,https://clinicaltrials.gov/study/NCT05702034,NCT05702034,RECRUITING
2026-03-19,2026-03-13,Bristol Myers Squibb / Janssen,Milvexian,trial,A Study of Milvexian Versus Apixaban in Participants With Atrial Fibrillation,clinicaltrials.gov,https://clinicaltrials.gov/study/NCT05757869,NCT05757869,ACTIVE_NOT_RECRUITING
2026-03-19,2026-01-16,Bristol Myers Squibb / Janssen,Milvexian,trial,A Study of Milvexian in Participants After a Recent Acute Coronary Syndrome,clinicaltrials.gov,https://clinicaltrials.gov/study/NCT05754957,NCT05754957,ACTIVE_NOT_RECRUITING
2026-03-19,,Bristol Myers Squibb / Janssen,Milvexian,press,The Bristol Myers Squibb Foundation,www.bms.com,https://www.bms.com/about-us/responsibility/bristol-myers-squibb-foundation.html,,
2026-03-19,2026-03-03,Idorsia / Viatris,Selatogrel,trial,Selatogrel Outcome Study in Suspected Acute Myocardial Infarction,clinicaltrials.gov,https://clinicaltrials.gov/study/NCT04957719,NCT04957719,ENROLLING_BY_INVITATION
2026-03-19,2025-07-09,Idorsia / Viatris,Selatogrel,trial,A Medical Research Study to Evaluate the Effects of ACT-246475 in Adults With Heart Attack,clinicaltrials.gov,https://clinicaltrials.gov/study/NCT03487445,NCT03487445,COMPLETED
2026-03-19,,Idorsia / Viatris,Selatogrel,press,Newsroom,newsroom.viatris.com,https://newsroom.viatris.com/home,,
2026-03-19,,Idorsia / Viatris,Selatogrel,press,Press Releases,newsroom.viatris.com,https://newsroom.viatris.com/press-releases,,
2026-03-19,,Idorsia / Viatris,Selatogrel,press,Stories and Viewpoints,newsroom.viatris.com,https://newsroom.viatris.com/stories-and-viewpoints,,
2026-03-19,,Idorsia / Viatris,Selatogrel,press,Research and Reports,newsroom.viatris.com,https://newsroom.viatris.com/research-and-reports,,
2026-03-19,,Idorsia / Viatris,Selatogrel,press,Media Resources,newsroom.viatris.com,https://newsroom.viatris.com/media,,
2026-03-19,,Idorsia / Viatris,Selatogrel,press,Continue to country page,newsroom.viatris.com,https://newsroom.viatris.com/en-my/lm/Malaysia,,
2026-03-19,,Idorsia / Viatris,Selatogrel,press,Sign Up for Email Alerts,newsroom.viatris.com,https://newsroom.viatris.com/email-alerts?type=2,,
2026-03-19,,Idorsia / Viatris,Selatogrel,press,2026-02-26-Viatris-Reports-Fourth-Quarter-and-Full-Year-2025-Financial-Results,newsroom.viatris.com,https://newsroom.viatris.com/2026-02-26-Viatris-Reports-Fourth-Quarter-and-Full-Year-2025-Financial-Results,,
2026-03-19,,Idorsia / Viatris,Selatogrel,press,Photos 2,newsroom.viatris.com,https://newsroom.viatris.com/2026-02-26-Viatris-Reports-Fourth-Quarter-and-Full-Year-2025-Financial-Results#assets_2429_123903-140,,
2026-03-19,,Idorsia / Viatris,Selatogrel,press,2026-02-26-Viatris-Maintains-Dividend-Policy-for-2026-and-Announces-Quarterly-Dividend,newsroom.viatris.com,https://newsroom.viatris.com/2026-02-26-Viatris-Maintains-Dividend-Policy-for-2026-and-Announces-Quarterly-Dividend,,
2026-03-19,,Idorsia / Viatris,Selatogrel,press,2026-02-25-FDA-Accepts-Viatris-Supplemental-New-Drug-Application-for-MR-141-Phentolamine-Ophthalmic-Solution-0-75-for-the-Treatment-of-Presbyopia,newsroom.viatris.com,https://newsroom.viatris.com/2026-02-25-FDA-Accepts-Viatris-Supplemental-New-Drug-Application-for-MR-141-Phentolamine-Ophthalmic-Solution-0-75-for-the-Treatment-of-Presbyopia,,
2026-03-19,,Idorsia / Viatris,Selatogrel,press,"2026-02-03-Viatris-to-Report-Fourth-Quarter-and-Full-Year-2025-Financial-Results-on-February-26,-2026,-and-Host-Investor-Event-on-March-19,-2026",newsroom.viatris.com,"https://newsroom.viatris.com/2026-02-03-Viatris-to-Report-Fourth-Quarter-and-Full-Year-2025-Financial-Results-on-February-26,-2026,-and-Host-Investor-Event-on-March-19,-2026",,
2026-03-19,,Idorsia / Viatris,Selatogrel,press,2026-02-03-Viatris-Appoints-Matthew-J-Maletta-as-Chief-Legal-Officer,newsroom.viatris.com,https://newsroom.viatris.com/2026-02-03-Viatris-Appoints-Matthew-J-Maletta-as-Chief-Legal-Officer,,
2026-03-19,,Idorsia / Viatris,Selatogrel,press,Photos 1,newsroom.viatris.com,https://newsroom.viatris.com/2026-02-03-Viatris-Appoints-Matthew-J-Maletta-as-Chief-Legal-Officer#assets_2429_123898-140,,
2026-03-19,,Idorsia / Viatris,Selatogrel,press,2026-01-20-Viatris-Expands-Innovative-Portfolio-in-Cardiovascular-Diseases-with-the-Companys-First-Launch-of-Inpefa-R-Sotagliflozin-for-the-Treatment-of-Heart-Failure,newsroom.viatris.com,https://newsroom.viatris.com/2026-01-20-Viatris-Expands-Innovative-Portfolio-in-Cardiovascular-Diseases-with-the-Companys-First-Launch-of-Inpefa-R-Sotagliflozin-for-the-Treatment-of-Heart-Failure,,
2026-03-19,2026-01-30,Nyrada,Xolatryp,trial,Prevention of Reperfusion Injury Outcomes Through Effective Cardioprotection Targeting Myocardial Infarction,clinicaltrials.gov,https://clinicaltrials.gov/study/NCT07362446,NCT07362446,NOT_YET_RECRUITING
2026-03-19,,Nyrada,Xolatryp,press,Untitled,www.nyrada.com,https://www.nyrada.com/,,
2026-03-19,,Nyrada,Xolatryp,press,Home,www.nyrada.com,https://www.nyrada.com/site/content/,,
2026-03-19,,Nyrada,Xolatryp,press,About Us,www.nyrada.com,https://www.nyrada.com/site/About-Us,,
2026-03-19,,Nyrada,Xolatryp,press,Company Overview,www.nyrada.com,https://www.nyrada.com/site/About-Us/company-overview,,
2026-03-19,,Nyrada,Xolatryp,press,Board of Directors,www.nyrada.com,https://www.nyrada.com/site/About-Us/board-of-directors,,
2026-03-19,,Nyrada,Xolatryp,press,Senior Management,www.nyrada.com,https://www.nyrada.com/site/About-Us/management,,
2026-03-19,,Nyrada,Xolatryp,press,Scientific Advisory Board,www.nyrada.com,https://www.nyrada.com/site/About-Us/scientific-advisory-board,,
2026-03-19,,Nyrada,Xolatryp,press,Corporate Governance,www.nyrada.com,https://www.nyrada.com/site/About-Us/corporate-governance,,
2026-03-19,,Nyrada,Xolatryp,press,Programs,www.nyrada.com,https://www.nyrada.com/site/programs,,
2026-03-19,,Nyrada,Xolatryp,press,Xolatryp,www.nyrada.com,https://www.nyrada.com/site/programs/nyr-bi03,,
2026-03-19,,Nyrada,Xolatryp,press,Myocardial Ischemia and Arrhythmia Control,www.nyrada.com,https://www.nyrada.com/site/programs/myocardial-ischemia,,
2026-03-19,,Nyrada,Xolatryp,press,Stroke,www.nyrada.com,https://www.nyrada.com/site/programs/stroke,,
2026-03-19,,Nyrada,Xolatryp,press,Traumatic Brain Injury,www.nyrada.com,https://www.nyrada.com/site/programs/traumatic-brain-injury,,
2026-03-19,,Nyrada,Xolatryp,press,Investors,www.nyrada.com,https://www.nyrada.com/site/investors,,
2026-03-19,,Nyrada,Xolatryp,press,Investor Welcome,www.nyrada.com,https://www.nyrada.com/site/investors/investor-welcome,,
2026-03-19,2026-03-18,Verseon,VE-1902,news,The Outer Worlds 2 Hotfix 1.1.0.1 Released as Update 1.100.001 - MP1st,MP1st,https://news.google.com/rss/articles/CBMimgFBVV95cUxQZjV1WnFzUnE5X2lFSUpCNmUxMkRXc2drc1A4LW9IdnhFUXdQMlZ6cFpHZnFqTHJLTFYteVczSHF5emRQd3lkaklsaDZPZHlUam5PN3RDd2pOYWZDc29EaWhzMDF4SlB5ZzNmM3VsM2RFNVRLRjZwRVNsaEtGQXNOOV9UZ1VWVnIxbEdVRzJCUC1VdDhnaXI2LUtn?oc=5,,
2026-03-19,2026-03-18,Verseon,VE-1902,news,Farming on the moon or Mars? How recycled sewage could turn regolith into crop soil - MSN,MSN,https://news.google.com/rss/articles/CBMikwJBVV95cUxQWnppYjNtdW9lMXpYMnJwSWZ1S2hFZkU1cjVQbTItdUh5UWJ6bDltOXNtcHV0R0JLSU5CSVJ5ck05dHNoczFHVVEyNUpoQzhzQkMyeVQyaVZUNWRJMm9UakdsY1M3WmVya1J0VnFna1g1clBJa2xnbG5fcElHZU9NMnRmY2dBTDBodktuREI3MVlRWTRXYkpTTGN5cDhraUE2RC1XdExiMFZqSkQ2Q3U5VFItalVpS0ZSU0RfbjZNTTZweTJSLWxsOEt1UjBwVFFGcnNEaVAwSVZqeVpLVFkwN0YyWkJZOXdCVEk2VzZlX29SdkE2RnF5SjFxTHpKbjB4akhyQUhwZUFtSzkyV3RmMTlvZw?oc=5,,
2026-03-19,2026-03-18,Verseon,VE-1902,news,Study shows breath test can confirm bacterial infection - EurekAlert!,EurekAlert!,https://news.google.com/rss/articles/CBMiXEFVX3lxTFAtVUYzclEtOG5PYmhhUFNBVnZuWGZtaERMazh2akxRTXBWQTNtZnRLR2p1RFB1SWRTQ3VOR0VYclk0WHBmeGNIUVZ2T0tlcnhwRTJpOW1kT0p5amJU?oc=5,,
2026-03-19,2026-03-18,Verseon,VE-1902,news,Untitled Project - Newsshooter,Newsshooter,https://news.google.com/rss/articles/CBMingFBVV95cUxOeGFFVnJQbUx6LU5LMF9maUZ6TERIeUtuYXBFU2hFMkF5ZXhGMkIzam40ZFd6Y01nblVIR2c3N3c2dFVoVlNsd1V0Q0lzc3Z5bXo3dDFBc2VfMW9TT2tCcEFCTzB4bEJ3SzNXWjhlU3RPclRxb3VQaE5SUXluZkNld3NCckN5VnA3XzlCYWdsVkdwazJpRG1FMVFDc3E5QQ?oc=5,,
2026-03-19,2026-03-18,Verseon,VE-1902,news,Nikon ZR firmware update version 1.11 - Newsshooter,Newsshooter,https://news.google.com/rss/articles/CBMigwFBVV95cUxNdGUyT1JGVi1yQ2JfQ19xc2VmU1JPWjhET2hEWlZhU3pUaWg3Sl9OS2hCWTVuVlBJS243TmdNcjBfRlFyU0t4X19kb2U2TkxyZTdDdS12RGlMcXdXWVZpNDYtRTYyTlJINjVzMDM0Rmd5RkQzSU9aNFpZaERUQVlRc2xDcw?oc=5,,
2026-03-19,2026-03-16,Verseon,VE-1902,news,ACS backs forecourt retailers over fuel price volatility - Talking Retail,Talking Retail,https://news.google.com/rss/articles/CBMiqwFBVV95cUxOQ0IxX3B4YXJxM0NoajJGTUtMSW1fVFFBQnZiX091SEtzc2p4cGc3b2pFUWhaVVk4U3h4Vmd6MERPY3hnX2NhMERIWGFJX1hCY1ZSVC02LVZDaDBVcTN2ek1TbFk3VGpDenVIbGtlN09WNmZzcGdjN0tJMXpyMGlmSW50RG00SkF4eGNtcWNDTGRXUzEzWUNfRzhpVUtUV1pSM0sxYmUya1JHcjg?oc=5,,
2026-03-19,2026-03-13,Verseon,VE-1902,news,"Photoinduced TBADT-Catalyzed Alkylation of Alkyl (E)-3-(2-Methacrylamidoaryl)acrylates to Access 3,4-Dihydroquinolin-2-(1H)-ones - ACS Publications",ACS Publications,https://news.google.com/rss/articles/CBMiYkFVX3lxTE9wY0d5M1p4RnFXMWlkbGZvVzR4SkxPLU12TTFheEQyU0JwamE3dnV2M0tNUUp3VHBZMnJWQWlPWUszcUlFc0lJb0g3anZCbFpuRGE3NEt1TUhLQlNFYVJNSFV3?oc=5,,
2026-03-19,2026-03-12,Verseon,VE-1902,news,Frequently Requested Statistics on Immigrants and Immigration in the United States - migrationpolicy.org,migrationpolicy.org,https://news.google.com/rss/articles/CBMisgFBVV95cUxQVXVXak1VQ01vSmZVM1NCOWd6elJ5ZDZEdTVQcjFGTURMNEItR2FxclBKVWpRamUzazVlWW42TGZ2TGlwOWt6WmJpUWlJQnZDemRmUUtzaUVuX2RtNGNsZDRZb1czSnZQSmhHaG9sczdHdVZfRU5DcllTenVFYnJDX0JINnhXYkt1VjIxNDlvSGY4czhpZl9sU1BDRm5VNWptRV95cXhWMjFiMDlEOW1SUnl3?oc=5,,
2026-03-19,2026-03-12,Verseon,VE-1902,news,Commission finds ‘serious corrupt conduct’ in Robodebt rollout - Information Age | ACS,Information Age | ACS,https://news.google.com/rss/articles/CBMipAFBVV95cUxNdTNBLVlRVHlCLWFaenhZNy02bzZFclFXUTliNWNtbk96cllmYUR5bEw1QmJ6TjBDZEdmR08tTjlaUFE2SnNaZjRnQWpXY1Q0ZWNsTWtsLVBQWFNJRzJObEJwUnlpZ08ybE8xRE9vT3pBTW5oSHNmdjNEMUNES3BPM2pSREFJLUE4V08wM1ZIMG1RVFVZMVVZc1lfZ0ExSUlSS2U2VQ?oc=5,,
2026-03-19,2026-03-17,Roche,Selnoflast,news,March 2026 FIFA windows: Benin’s squad for matches against Palestine and Guinea - beninwebtv.com,beninwebtv.com,https://news.google.com/rss/articles/CBMipwFBVV95cUxNbV9abzhYamE4b3ZTc3IwYVYyZ0NPTWk1MV8wMVJwaWhLWC1HR29RWm0ybnVRdmtiM1VwZ055N2l5MU5NQjd1QmRWQ2R3R2VhN3BWc2x1QjhOQWtnajNDbGdZbXNHbExGS0VQemx0TzY2VVBBamRTSWRITUZkcEw2WGpwakE5ZWlGYTA1ODUzOEZ4UHhtVjVZVlF2UHNnSkNlY0pieVo0Zw?oc=5,,
2026-03-19,2021-07-28,Serpin,SP16,trial,SP16 SERPIN-like Peptide Administration in Healthy Individuals,clinicaltrials.gov,https://clinicaltrials.gov/study/NCT03651089,NCT03651089,COMPLETED
2026-03-19,2023-08-03,Nexcel,NP-011,trial,A Study of NP-011 in Healthy Volunteers,clinicaltrials.gov,https://clinicaltrials.gov/study/NCT05387499,NCT05387499,COMPLETED
2026-03-19,2026-02-24,Cyclarity,UDP-003,trial,Placebo-controlled Study of Single and Multiple Ascending Doses of UDP-003 in Healthy Human Participants and Patients,clinicaltrials.gov,https://clinicaltrials.gov/study/NCT06813339,NCT06813339,RECRUITING
2026-03-19,2025-06-06,Taiwan Bio,OmniMSC-AMI,trial,Intracoronary Administration of OmniMSC-AMI for Acute ST-segment Elevation Myocardial Infarction Patients,clinicaltrials.gov,https://clinicaltrials.gov/study/NCT05724576,NCT05724576,RECRUITING
2026-03-19,2023-11-22,Cuorips,ReHeart,trial,Allogeneic iPSC-derived Cardiomyocyte Therapy in Patients With Worsening Ischemic Heart Failure,clinicaltrials.gov,https://clinicaltrials.gov/study/NCT05566600,NCT05566600,UNKNOWN
2026-03-19,2026-03-06,Eli Lilly,Orforglipron,trial,A Study of Orforglipron (LY3502970) on Cardiovascular Outcomes in Adults With Atherosclerotic Cardiovascular Disease and/or Chronic Kidney Disease (ATTAIN-Outcomes),clinicaltrials.gov,https://clinicaltrials.gov/study/NCT07241390,NCT07241390,RECRUITING
2026-03-19,2026-01-21,Eli Lilly,Orforglipron,trial,A Study of Daily Oral Orforglipron (LY3502970) Compared With Insulin Glargine in Participants With Type 2 Diabetes and Obesity or Overweight at Increased Cardiovascular Risk,clinicaltrials.gov,https://clinicaltrials.gov/study/NCT05803421,NCT05803421,ACTIVE_NOT_RECRUITING
2026-03-19,2026-03-06,Eli Lilly,Muvalaplin,trial,Assessing the Impact of Muvalaplin on Major Cardiovascular Events in Adults With Elevated Lipoprotein(a),clinicaltrials.gov,https://clinicaltrials.gov/study/NCT07157774,NCT07157774,RECRUITING
2026-03-19,2026-01-27,Abcentra,Orticumab,trial,Focused Orticumab Research for Treating Inflammation in Coronary Arteries,clinicaltrials.gov,https://clinicaltrials.gov/study/NCT06927739,NCT06927739,RECRUITING
2026-03-19,,Abcentra,Orticumab,press,Read the Article.,abcentra.com,https://abcentra.com/abcentra-announces-appointment-of-dr-peter-libby-as-a-board-member-as-it-enters-orticumabs-phase-2b-trial-fortify/,,
2026-03-19,,Abcentra,Orticumab,press,Untitled,abcentra.com,https://abcentra.com/,,
2026-03-19,,Abcentra,Orticumab,press,Our Company,abcentra.com,https://abcentra.com/our-company/,,
2026-03-19,,Abcentra,Orticumab,press,Coronary Artery Disease,abcentra.com,https://abcentra.com/coronary-artery-disease/,,
2026-03-19,,Abcentra,Orticumab,press,Orticumab,abcentra.com,https://abcentra.com/orticumab/,,
2026-03-19,,Abcentra,Orticumab,press,Resources,abcentra.com,https://abcentra.com/resources/,,
2026-03-19,,Abcentra,Orticumab,press,Contact Us,abcentra.com,https://abcentra.com/?page_id=1287,,
2026-03-19,,Abcentra,Orticumab,press,Ben Huizinga,abcentra.com,https://abcentra.com/author/bhuizinga623gmail-com/,,
2026-03-19,,Abcentra,Orticumab,press,Untitled,abcentra.com,https://abcentra.com/abcentra-llc-announces-first-patient-dosed-in-phase-2b-fortify-clinical-trial-evaluating-orticumab-in-patients-with-cardiovascular-disease/,,
2026-03-19,,Abcentra,Orticumab,press,Press Releases,abcentra.com,https://abcentra.com/category/press-releases/,,
2026-03-19,,Abcentra,Orticumab,press,Untitled,abcentra.com,https://abcentra.com/abcentra-experts-to-present-at-2024-imperial-vulnerable-patient-plaque-meeting/,,
2026-03-19,,Abcentra,Orticumab,press,Blogs,abcentra.com,https://abcentra.com/category/blogs/,,
2026-03-19,,Abcentra,Orticumab,press,Untitled,abcentra.com,https://abcentra.com/caristo-diagnostics-latest-lancet-publication-with-results-from-worlds-largest-coronary-ct-registry/,,
2026-03-19,,Abcentra,Orticumab,press,Mentions,abcentra.com,https://abcentra.com/category/mentions/,,
2026-03-19,,Abcentra,Orticumab,press,Untitled,abcentra.com,https://abcentra.com/large-ct-study-shows-benefits-of-ai-in-predicting-cv-risks-in-patients-without-obstructive-cad/,,
2026-03-19,2026-03-11,HONYA Medical,MiSaver,trial,"Safety and Efficacy of MiSaver (CB Cells) for Acute Myocardial Infarction, Phase II",clinicaltrials.gov,https://clinicaltrials.gov/study/NCT07134712,NCT07134712,NOT_YET_RECRUITING
2026-03-19,2024-10-04,HONYA Medical,MiSaver,trial,MiSaver® Stem Cell Treatment for Acute Myocardial Infarction,clinicaltrials.gov,https://clinicaltrials.gov/study/NCT06353958,NCT06353958,COMPLETED
2026-03-19,2024-03-29,HONYA Medical,MiSaver,trial,MiSaver® Stem Cell Treatment for Heart Attack (Acute Myocardial Infarction),clinicaltrials.gov,https://clinicaltrials.gov/study/NCT04050163,NCT04050163,COMPLETED
2026-03-19,,Jiangsu Simcere,SIM0811,press,index.asp,www.simcere.com,https://www.simcere.com/en/index.asp,,
2026-03-19,,Jiangsu Simcere,SIM0811,press,中,www.simcere.com,https://www.simcere.com/index.aspx,,
2026-03-19,,Jiangsu Simcere,SIM0811,press,EN,www.simcere.com,https://www.simcere.com/en/index.aspx,,
2026-03-19,,Jiangsu Simcere,SIM0811,press,About,www.simcere.com,https://www.simcere.com/en/about/about.aspx,,
2026-03-19,,Jiangsu Simcere,SIM0811,press,Company Profile,www.simcere.com,https://www.simcere.com/en/about/about.aspx#ab01,,
2026-03-19,,Jiangsu Simcere,SIM0811,press,Milestones,www.simcere.com,https://www.simcere.com/en/about/about.aspx#ab02,,
2026-03-19,,Jiangsu Simcere,SIM0811,press,Management Team,www.simcere.com,https://www.simcere.com/en/about/about.aspx#ab03,,
2026-03-19,,Jiangsu Simcere,SIM0811,press,Company Culture,www.simcere.com,https://www.simcere.com/en/about/about.aspx#ab04,,
2026-03-19,,Jiangsu Simcere,SIM0811,press,Products,www.simcere.com,https://www.simcere.com/en/pro/pro.aspx,,
2026-03-19,,Jiangsu Simcere,SIM0811,press,Oncology,www.simcere.com,https://www.simcere.com/en/pro/pro.aspx#pro01,,
2026-03-19,,Jiangsu Simcere,SIM0811,press,Neuroscience,www.simcere.com,https://www.simcere.com/en/pro/pro.aspx#pro02,,
2026-03-19,,Jiangsu Simcere,SIM0811,press,Autoimmune,www.simcere.com,https://www.simcere.com/en/pro/pro.aspx#pro03,,
2026-03-19,,Jiangsu Simcere,SIM0811,press,Cardiovascular,www.simcere.com,https://www.simcere.com/en/pro/pro.aspx#pro04,,
2026-03-19,,Jiangsu Simcere,SIM0811,press,Anti-infection,www.simcere.com,https://www.simcere.com/en/pro/pro.aspx#pro05,,
2026-03-19,,Jiangsu Simcere,SIM0811,press,Other Fields,www.simcere.com,https://www.simcere.com/en/pro/pro.aspx#pro06,,
2026-03-19,,NewAmsterdam Pharma,Obicetrapib,press,NewAmsterdam Pharma to Present at the Guggenheim Emerging Outlook: Biotech Summit,ir.newamsterdampharma.com,https://ir.newamsterdampharma.com/news-releases/news-release-details/newamsterdam-pharma-present-guggenheim-emerging-outlook-biotech,,
2026-03-19,,Novartis,Pacibekitug,press,Mainland China | 中文,www.novartis.com,https://www.novartis.com.cn/,,
2026-03-19,,Novartis,Pacibekitug,press,Malaysia | English,www.novartis.com,https://www.novartis.com/my-en/,,
2026-03-19,,Novartis,Pacibekitug,press,Philippines | English,www.novartis.com,https://www.novartis.com/ph-en/,,
2026-03-19,,Amgen,Olpasiran,press,Research & Development Strategy,www.amgen.com,https://www.amgen.com/science/research-and-development-strategy,,
2026-03-19,,Amgen,Olpasiran,press,Human & Disease Biology,www.amgen.com,https://www.amgen.com/science/research-and-development-strategy/human-and-disease-biology,,
2026-03-19,,Amgen,Olpasiran,press,Novel Targets & Modalities,www.amgen.com,https://www.amgen.com/science/research-and-development-strategy/novel-targets-and-modalities,,
2026-03-19,,Amgen,Olpasiran,press,Clinical Trial Optimization,www.amgen.com,https://www.amgen.com/science/research-and-development-strategy/clinical-trial-optimization,,
2026-03-19,,Amgen,Olpasiran,press,AI & Data Science,www.amgen.com,https://www.amgen.com/science/research-and-development-strategy/ai-in-research-and-development,,
2026-03-19,,Bristol Myers Squibb / Janssen,Milvexian,press,In the pipeline,www.bms.com,https://www.bms.com/researchers-and-partners/in-the-pipeline.html,,
2026-03-19,,Idorsia / Viatris,Selatogrel,press,Viatris Statement on the Close of the Active Pharmaceutical Ingredients Business Divestiture,newsroom.viatris.com,https://newsroom.viatris.com/Viatris-Statement-on-the-Close-of-the-Active-Pharmaceutical-Ingredients-Business-Divestiture,,
2026-03-19,,Nyrada,Xolatryp,press,Company Fact Sheet,www.nyrada.com,https://www.nyrada.com/site/investors/company-fact-sheet,,
2026-03-19,,Nyrada,Xolatryp,press,ASX Announcements,www.nyrada.com,https://www.nyrada.com/site/investors/asx-announcements,,
2026-03-19,,Nyrada,Xolatryp,press,Financial Reports,www.nyrada.com,https://www.nyrada.com/site/investors/asx-announcements/financial-reports-1,,
2026-03-19,,Nyrada,Xolatryp,press,Corporate Announcements,www.nyrada.com,https://www.nyrada.com/site/investors/asx-announcements/corporate-announcements,,
2026-03-19,,Nyrada,Xolatryp,press,Investor Presentations,www.nyrada.com,https://www.nyrada.com/site/investors/asx-announcements/investor-presentations,,
2026-03-19,,Nyrada,Xolatryp,press,Share Price Information,www.nyrada.com,https://www.nyrada.com/site/investors/share-price-information,,
2026-03-19,,Nyrada,Xolatryp,press,Investors Glossary,www.nyrada.com,https://www.nyrada.com/site/investors/investors-glossary,,
2026-03-19,,Abcentra,Orticumab,press,Terms of Use,abcentra.com,https://abcentra.com/terms-of-use/,,
2026-03-19,,Abcentra,Orticumab,press,Privacy Policy,abcentra.com,https://abcentra.com/privacy-policy/,,
2026-03-19,,Jiangsu Simcere,SIM0811,press,Global R&D Center Layout,www.simcere.com,https://www.simcere.com/en/kxcx/kxcx.aspx#cx01,,
2026-03-19,,Jiangsu Simcere,SIM0811,press,State Key Laboratory,www.simcere.com,https://www.simcere.com/en/kxcx/kxcx.aspx#cx02,,
2026-03-19,,Jiangsu Simcere,SIM0811,press,Boston R&D Center,www.simcere.com,https://www.simcere.com/en/kxcx/kxcx.aspx#cx03,,
2026-03-19,,Jiangsu Simcere,SIM0811,press,R&D Pipeline,www.simcere.com,https://www.simcere.com/en/kxcx/yfgx.aspx,,
2026-03-19,,Jiangsu Simcere,SIM0811,press,Manufacturing,www.simcere.com,https://www.simcere.com/en/zyyw/zyyw.aspx,,
2026-03-19,,Jiangsu Simcere,SIM0811,press,Manufacturing Bases,www.simcere.com,https://www.simcere.com/en/zyyw/zyyw.aspx#zy01,,
2026-03-19,,Jiangsu Simcere,SIM0811,press,Partnering with Simcere,www.simcere.com,https://www.simcere.com/en/kfhz/kfhz.aspx#hz01,,
2026-03-19,,Jiangsu Simcere,SIM0811,press,Key Therapeutic Areas and Focus,www.simcere.com,https://www.simcere.com/en/kfhz/kfhz.aspx#hz02,,
2026-03-19,2026-03-11,Novo Nordisk,Ziltivekimab,trial,"A Research Study to Look at the Effect of Ziltivekimab on Plaque in the Blood Vessels of the Heart, Compared to Placebo, in People With a Heart Attack",clinicaltrials.gov,https://clinicaltrials.gov/study/NCT07301034,NCT07301034,RECRUITING
2026-03-19,,Novartis,Pacibekitug,press,Novartis pipeline,www.novartis.com,https://www.novartis.com/research-development/novartis-pipeline,,
2026-03-19,,Novartis,Pacibekitug,press,Investigator-initiated trials / studies,www.novartis.com,https://www.novartis.com/healthcare-professionals/investigator-initiated-trials-studies-clinical-and-investigator-initiated-research-non-clinical,,
2026-03-19,,Novartis,Pacibekitug,press,Novartis annual results,www.novartis.com,https://www.novartis.com/investors/financial-data/annual-results,,
2026-03-19,,Novartis,Pacibekitug,press,Novartis quarterly results,www.novartis.com,https://www.novartis.com/investors/financial-data/quarterly-results,,
2026-03-19,,Novartis,Pacibekitug,press,Clinical trials,www.novartis.com,https://www.novartis.com/clinicaltrials,,
2026-03-19,,Novartis,Pacibekitug,press,"Press release Mar 13, 2026 Novartis Cosentyx® receives FDA approval for pediatric patients aged 12+ with moderate to severe hidradenitis suppurativa Cosentyx is the only IL-17A inhibitor approved for this population, and the first differentiated mechanism in nearly a decade1-3 HS often emerges around puberty, underscoring…",www.novartis.com,https://www.novartis.com/news/media-releases/novartis-cosentyx-receives-fda-approval-pediatric-patients-aged-12-moderate-severe-hidradenitis-suppurativa,,
2026-03-19,,Novartis,Pacibekitug,press,"Press release Mar 06, 2026 Novartis shareholders approve all resolutions proposed by the Board of Directors at the 2026 Annual General Meeting Shareholders approve 29th consecutive dividend increase to CHF 3.70 (+5.7%) per share for 2025, representing a 3.0% yield¹Shareholders confirm Giovanni Caforio as Chair of the Board of Directors as…",www.novartis.com,https://www.novartis.com/news/media-releases/novartis-shareholders-approve-all-resolutions-proposed-board-directors-2026-annual-general-meeting,,
2026-03-19,,Novartis,Pacibekitug,press,"Press release Mar 06, 2026 Aktionäre von Novartis heissen an der Generalversammlung 2026 alle Anträge des Verwaltungsrats gut Die Aktionärinnen und Aktionäre genehmigten die 29. Dividendenerhöhung in Folge. Für 2025 wird die Dividende auf CHF 3.70 (+5,7%) je Aktie erhöht, was einer Rendite von 3,0% entspricht¹Die…",www.novartis.com,https://www.novartis.com/news/media-releases/aktionare-von-novartis-heissen-der-generalversammlung-2026-alle-antrage-des-verwaltungsrats-gut,,
2026-03-19,,Novartis,Pacibekitug,press,"Press release Feb 27, 2026 Novartis successfully completes acquisition of Avidity Biosciences, strengthening late-stage neuroscience pipeline and advancing xRNA strategy Adds Avidity’s differentiated muscle-directed Antibody Oligonucleotide Conjugates (AOC) platform and three late-stage programs to industry-leading neuromuscular pipelinePotentially unlocks multi-…",www.novartis.com,https://www.novartis.com/news/media-releases/novartis-successfully-completes-acquisition-avidity-biosciences-strengthening-late-stage-neuroscience-pipeline-and-advancing-xrna-strategy,,
2026-03-19,,Novartis,Pacibekitug,press,"Press release Feb 27, 2026 Novartis receives positive CHMP opinion for remibrutinib in chronic spontaneous urticaria (CSU) Remibrutinib, a highly selective oral BTKi, has potential to be first targeted therapy approved for CSU in Europe Improvements with remibrutinib observed as early as Week 1 in REMIX 1 & 2, with…",www.novartis.com,https://www.novartis.com/news/media-releases/novartis-receives-positive-chmp-opinion-remibrutinib-chronic-spontaneous-urticaria-csu,,
2026-03-19,,Novartis,Pacibekitug,press,"Press release Feb 25, 2026 Novartis to build new radioligand therapy site in Denton, Texas, delivering more next‑generation treatments to patients Facility expected to be operational in 2028 in Dallas-Fort Worth area, expanding largest RLT manufacturing network in USSite to serve patients in Southern US and add network capacity as RLT expands…",www.novartis.com,https://www.novartis.com/news/media-releases/novartis-build-new-radioligand-therapy-site-denton-texas-delivering-more-next-generation-treatments-patients,,
2026-03-19,,Novartis,Pacibekitug,press,"Press release Feb 24, 2026 New real‑world data reinforce earlier use of Pluvicto™ before chemotherapy in metastatic castration-resistant prostate cancer In the real-world, Pluvicto™ showed 13.5 months median PFS in chemo-naïve patients with PSMA-positive mCRPCReal‑world evidence showed Pluvicto achieved longer PFS when initiated after one ARPI…",www.novartis.com,https://www.novartis.com/news/media-releases/new-real-world-data-reinforce-earlier-use-pluvictotm-chemotherapy-metastatic-castration-resistant-prostate-cancer,,
2026-03-19,,Amgen,Olpasiran,press,Clinical Trials,www.amgen.com,https://www.amgen.com/science/clinical-trials,,
2026-03-19,,Amgen,Olpasiran,press,About Clinical Trials,www.amgen.com,https://www.amgen.com/science/clinical-trials/about-clinical-trials,,
2026-03-19,,Amgen,Olpasiran,press,Clinical Trial Diversity and Representation,www.amgen.com,https://www.amgen.com/science/clinical-trials/clinical-trial-representation,,
2026-03-19,,Amgen,Olpasiran,press,Information for Healthcare Professionals,www.amgen.com,https://www.amgen.com/science/clinical-trials/information-for-healthcare-professionals,,
2026-03-19,,Amgen,Olpasiran,press,"Clinical Trial Transparency, Data Sharing and Disclosure Practices",www.amgen.com,https://www.amgen.com/science/clinical-trials/clinical-data-transparency-practices,,
2026-03-19,,Amgen,Olpasiran,press,Clinical Out-of-Hours Support program,www.amgen.com,https://www.amgen.com/science/clinical-trials/clinical-out-of-hours-support-program,,
2026-03-19,2026-03-19,Idorsia / Viatris,Selatogrel,trial,Selatogrel Outcome Study in Suspected Acute Myocardial Infarction,clinicaltrials.gov,https://clinicaltrials.gov/study/NCT04957719,NCT04957719,ENROLLING_BY_INVITATION
2026-03-19,,Jiangsu Simcere,SIM0811,press,R&D Pipeline,www.simcere.com,https://www.simcere.com/en/kxcx/kxcx.aspx#gx01,,
2026-03-22,2026-03-20,Eli Lilly,Orforglipron,trial,A Study of Orforglipron (LY3502970) on Cardiovascular Outcomes in Adults With Atherosclerotic Cardiovascular Disease and/or Chronic Kidney Disease (ATTAIN-Outcomes),clinicaltrials.gov,https://clinicaltrials.gov/study/NCT07241390,NCT07241390,RECRUITING
2026-03-24,2026-03-24,Eli Lilly,Lepodisiran,trial,A Study to Investigate the Effect of Lepodisiran on the Reduction of Major Adverse Cardiovascular Events in Adults With Elevated Lipoprotein(a) - ACCLAIM-Lp(a),clinicaltrials.gov,https://clinicaltrials.gov/study/NCT06292013,NCT06292013,ACTIVE_NOT_RECRUITING
2026-03-24,2026-03-24,Nyrada,Xolatryp,trial,Prevention of Reperfusion Injury Outcomes Through Effective Cardioprotection Targeting Myocardial Infarction,clinicaltrials.gov,https://clinicaltrials.gov/study/NCT07362446,NCT07362446,NOT_YET_RECRUITING
2026-03-24,2026-03-24,Eli Lilly,Muvalaplin,trial,Assessing the Impact of Muvalaplin on Major Cardiovascular Events in Adults With Elevated Lipoprotein(a),clinicaltrials.gov,https://clinicaltrials.gov/study/NCT07157774,NCT07157774,RECRUITING
2026-03-28,2026-03-23,Novo Nordisk,Ziltivekimab,trial,Effects of Ziltivekimab on Coronary Atherosclerotic Burden in Patients With Acute Myocardial Infarction,clinicaltrials.gov,https://clinicaltrials.gov/study/NCT07276282,NCT07276282,RECRUITING
2026-03-28,2026-03-27,Amgen,Olpasiran,trial,OCEAN(a)-PreEvent - Olpasiran Trials of Cardiovascular Events And LipoproteiN(a) Reduction to Prevent First Major Cardiovascular Events,clinicaltrials.gov,https://clinicaltrials.gov/study/NCT07136012,NCT07136012,RECRUITING
2026-03-28,2026-03-27,Bristol Myers Squibb / Janssen,Milvexian,trial,A Study of Milvexian in Participants After a Recent Acute Coronary Syndrome,clinicaltrials.gov,https://clinicaltrials.gov/study/NCT05754957,NCT05754957,COMPLETED
2026-03-28,2026-03-27,Bristol Myers Squibb / Janssen,Milvexian,news,Milvexian Phase 3 Wraps Up: What Bristol-Myers Squibb Investors Should Watch Next - TipRanks,TipRanks,https://news.google.com/rss/articles/CBMizAFBVV95cUxOXzRUUzJzaGJCRm9DNm9VMC1xejg3bm5qOWI2cG5Cb0JIcVRsaVNfcHlXQ0o1NzltSlI4bVJOUlNad3E4T1NPZkVWSjNXSjJVV1djYnlfRmNUaTlGXy04RlhJZU13QjJwbVFSbXdzT1RxWnltS3FYV1lISnF2ZFdmbGpjOTU3M3VCR1dTbW9SVWliQWRIQlRHT3B3ODdEaFJXek80SE1vRkF4WmxLRXMyWHhtMzRRM2JaVFJSQzRLdzJmSEo1alVzM25nWFc?oc=5,,
2026-04-02,2026-04-01,Novartis,Pelacarsen,trial,Assessing the Impact of Lipoprotein (a) Lowering With Pelacarsen (TQJ230) on Major Cardiovascular Events in Patients With CVD,clinicaltrials.gov,https://clinicaltrials.gov/study/NCT04023552,NCT04023552,ACTIVE_NOT_RECRUITING
2026-04-03,2026-04-02,Amgen,Olpasiran,trial,OCEAN(a)-PreEvent - Olpasiran Trials of Cardiovascular Events And LipoproteiN(a) Reduction to Prevent First Major Cardiovascular Events,clinicaltrials.gov,https://clinicaltrials.gov/study/NCT07136012,NCT07136012,RECRUITING
2026-04-08,2026-04-08,Novartis,Pelacarsen,trial,An Open Label Extension (OLE) Study (Following Completion of CTQJ230A12301) to Evaluate Long-term Safety and Tolerability of Pelacarsen (TQJ230),clinicaltrials.gov,https://clinicaltrials.gov/study/NCT07517263,NCT07517263,RECRUITING
2026-04-10,,Roche,RO7763505,press,Product Development Pipeline,www.roche.com,https://www.roche.com/solutions/pipeline,,
2026-04-10,,Roche,RO7763505,press,Clinical trials,www.roche.com,https://www.roche.com/innovation/clinical-trials,,
2026-04-15,2026-04-14,Novo Nordisk,Ziltivekimab,trial,ARTEMIS - A Research Study to Look at How Ziltivekimab Works Compared to Placebo in People With a Heart Attack,clinicaltrials.gov,https://clinicaltrials.gov/study/NCT06118281,NCT06118281,RECRUITING
2026-04-15,2026-04-13,Amgen,Olpasiran,trial,OCEAN(a)-PreEvent - Olpasiran Trials of Cardiovascular Events And LipoproteiN(a) Reduction to Prevent First Major Cardiovascular Events,clinicaltrials.gov,https://clinicaltrials.gov/study/NCT07136012,NCT07136012,RECRUITING
2026-04-15,2026-04-13,Bristol Myers Squibb / Janssen,Milvexian,trial,A Study of Milvexian in Participants After an Acute Ischemic Stroke or High-Risk Transient Ischemic Attack- LIBREXIA-STROKE,clinicaltrials.gov,https://clinicaltrials.gov/study/NCT05702034,NCT05702034,RECRUITING
2026-04-15,2026-04-13,Bristol Myers Squibb / Janssen,Milvexian,trial,A Study of Milvexian Versus Apixaban in Participants With Atrial Fibrillation,clinicaltrials.gov,https://clinicaltrials.gov/study/NCT05757869,NCT05757869,ACTIVE_NOT_RECRUITING
2026-04-15,2026-04-13,Bristol Myers Squibb / Janssen,Milvexian,trial,A Study of Milvexian in Participants After a Recent Acute Coronary Syndrome,clinicaltrials.gov,https://clinicaltrials.gov/study/NCT05754957,NCT05754957,COMPLETED
2026-04-16,2026-04-13,Novo Nordisk,Ziltivekimab,trial,"ZEUS - A Research Study to Look at How Ziltivekimab Works Compared to Placebo in People With Cardiovascular Disease, Chronic Kidney Disease and Inflammation",clinicaltrials.gov,https://clinicaltrials.gov/study/NCT05021835,NCT05021835,ACTIVE_NOT_RECRUITING
2026-04-16,2026-04-16,Amgen,Olpasiran,trial,OCEAN(a)-PreEvent - Olpasiran Trials of Cardiovascular Events And LipoproteiN(a) Reduction to Prevent First Major Cardiovascular Events,clinicaltrials.gov,https://clinicaltrials.gov/study/NCT07136012,NCT07136012,RECRUITING
2026-04-19,2026-04-17,Eli Lilly,Orforglipron,trial,A Study of Orforglipron (LY3502970) on Cardiovascular Outcomes in Adults With Atherosclerotic Cardiovascular Disease and/or Chronic Kidney Disease (ATTAIN-Outcomes),clinicaltrials.gov,https://clinicaltrials.gov/study/NCT07241390,NCT07241390,RECRUITING
2026-04-19,2026-04-17,Eli Lilly,Orforglipron,trial,A Study of Daily Oral Orforglipron (LY3502970) Compared With Insulin Glargine in Participants With Type 2 Diabetes and Obesity or Overweight at Increased Cardiovascular Risk,clinicaltrials.gov,https://clinicaltrials.gov/study/NCT05803421,NCT05803421,COMPLETED
2026-04-22,2026-04-20,Eli Lilly,Lepodisiran,trial,A Study to Investigate the Effect of Lepodisiran on the Reduction of Major Adverse Cardiovascular Events in Adults With Elevated Lipoprotein(a) - ACCLAIM-Lp(a),clinicaltrials.gov,https://clinicaltrials.gov/study/NCT06292013,NCT06292013,ACTIVE_NOT_RECRUITING
2026-04-22,2026-04-20,Eli Lilly,Muvalaplin,trial,Assessing the Impact of Muvalaplin on Major Cardiovascular Events in Adults With Elevated Lipoprotein(a),clinicaltrials.gov,https://clinicaltrials.gov/study/NCT07157774,NCT07157774,RECRUITING
2026-04-25,2026-04-24,Amgen,Olpasiran,trial,OCEAN(a)-PreEvent - Olpasiran Trials of Cardiovascular Events And LipoproteiN(a) Reduction to Prevent First Major Cardiovascular Events,clinicaltrials.gov,https://clinicaltrials.gov/study/NCT07136012,NCT07136012,RECRUITING
2026-04-25,2026-04-24,Nyrada,Xolatryp,trial,Prevention of Reperfusion Injury Outcomes Through Effective Cardioprotection Targeting Myocardial Infarction,clinicaltrials.gov,https://clinicaltrials.gov/study/NCT07362446,NCT07362446,RECRUITING
2026-05-03,2026-04-17,NewAmsterdam Pharma,Obicetrapib,trial,PREVAIL Paclitaxel-coated Balloon in Small Coronary Disease and High-bleeding Risk Patients,clinicaltrials.gov,https://clinicaltrials.gov/study/NCT06321757,NCT06321757,RECRUITING
2026-05-03,2026-05-01,Amgen,Olpasiran,trial,OCEAN(a)-PreEvent - Olpasiran Trials of Cardiovascular Events And LipoproteiN(a) Reduction to Prevent First Major Cardiovascular Events,clinicaltrials.gov,https://clinicaltrials.gov/study/NCT07136012,NCT07136012,RECRUITING
2026-05-03,2026-04-30,Idorsia / Viatris,Selatogrel,trial,Selatogrel Outcome Study in Suspected Acute Myocardial Infarction,clinicaltrials.gov,https://clinicaltrials.gov/study/NCT04957719,NCT04957719,ENROLLING_BY_INVITATION
2026-05-06,2026-05-05,Novartis,Pelacarsen,trial,An Open Label Extension (OLE) Study (Following Completion of CTQJ230A12301) to Evaluate Long-term Safety and Tolerability of Pelacarsen (TQJ230),clinicaltrials.gov,https://clinicaltrials.gov/study/NCT07517263,NCT07517263,RECRUITING
2026-05-08,2026-04-24,NewAmsterdam Pharma,Obicetrapib,trial,Prevail Global Study,clinicaltrials.gov,https://clinicaltrials.gov/study/NCT06535854,NCT06535854,RECRUITING
2026-05-08,2026-05-06,Novartis,Pelacarsen,trial,Assessing the Impact of Lipoprotein (a) Lowering With Pelacarsen (TQJ230) on Major Cardiovascular Events in Patients With CVD,clinicaltrials.gov,https://clinicaltrials.gov/study/NCT04023552,NCT04023552,ACTIVE_NOT_RECRUITING
2026-05-08,2026-05-08,Bristol Myers Squibb / Janssen,Milvexian,trial,A Study of Milvexian Versus Apixaban in Participants With Atrial Fibrillation,clinicaltrials.gov,https://clinicaltrials.gov/study/NCT05757869,NCT05757869,ACTIVE_NOT_RECRUITING
2026-05-08,2026-05-08,Bristol Myers Squibb / Janssen,Milvexian,trial,A Study of Milvexian in Participants After an Acute Ischemic Stroke or High-Risk Transient Ischemic Attack- LIBREXIA-STROKE,clinicaltrials.gov,https://clinicaltrials.gov/study/NCT05702034,NCT05702034,ACTIVE_NOT_RECRUITING
2026-05-08,2026-05-07,Nyrada,Xolatryp,trial,Prevention of Reperfusion Injury Outcomes Through Effective Cardioprotection Targeting Myocardial Infarction,clinicaltrials.gov,https://clinicaltrials.gov/study/NCT07362446,NCT07362446,RECRUITING
2026-05-14,2026-05-11,Amgen,Olpasiran,trial,OCEAN(a)-PreEvent - Olpasiran Trials of Cardiovascular Events And LipoproteiN(a) Reduction to Prevent First Major Cardiovascular Events,clinicaltrials.gov,https://clinicaltrials.gov/study/NCT07136012,NCT07136012,RECRUITING
2026-05-14,2026-05-13,Idorsia / Viatris,Selatogrel,trial,Selatogrel Outcome Study in Suspected Acute Myocardial Infarction,clinicaltrials.gov,https://clinicaltrials.gov/study/NCT04957719,NCT04957719,ENROLLING_BY_INVITATION
2026-05-14,2026-05-14,Eli Lilly,Orforglipron,trial,A Study of Orforglipron (LY3502970) on Cardiovascular Outcomes in Adults With Atherosclerotic Cardiovascular Disease and/or Chronic Kidney Disease (ATTAIN-Outcomes),clinicaltrials.gov,https://clinicaltrials.gov/study/NCT07241390,NCT07241390,RECRUITING
2026-05-14,2026-05-12,Eli Lilly,Muvalaplin,trial,Assessing the Impact of Muvalaplin on Major Cardiovascular Events in Adults With Elevated Lipoprotein(a),clinicaltrials.gov,https://clinicaltrials.gov/study/NCT07157774,NCT07157774,RECRUITING
2026-05-18,2026-05-18,Novartis,Pelacarsen,trial,An Open Label Extension (OLE) Study (Following Completion of CTQJ230A12301) to Evaluate Long-term Safety and Tolerability of Pelacarsen (TQJ230),clinicaltrials.gov,https://clinicaltrials.gov/study/NCT07517263,NCT07517263,RECRUITING
2026-05-18,2026-05-15,Amgen,Olpasiran,trial,OCEAN(a)-PreEvent - Olpasiran Trials of Cardiovascular Events And LipoproteiN(a) Reduction to Prevent First Major Cardiovascular Events,clinicaltrials.gov,https://clinicaltrials.gov/study/NCT07136012,NCT07136012,RECRUITING
2026-05-21,2026-05-19,Eli Lilly,Lepodisiran,trial,A Study to Investigate the Effect of Lepodisiran on the Reduction of Major Adverse Cardiovascular Events in Adults With Elevated Lipoprotein(a) - ACCLAIM-Lp(a),clinicaltrials.gov,https://clinicaltrials.gov/study/NCT06292013,NCT06292013,ACTIVE_NOT_RECRUITING
2026-05-21,2026-05-14,Beijing Northland Biotech,NL005,trial,Recombinant Human Thymosin Beta 4 for Injection(NL005) for Acute Myocardial Infarction,clinicaltrials.gov,https://clinicaltrials.gov/study/NCT07586865,NCT07586865,NOT_YET_RECRUITING
2026-05-21,2026-05-19,Eli Lilly,Muvalaplin,trial,Assessing the Impact of Muvalaplin on Major Cardiovascular Events in Adults With Elevated Lipoprotein(a),clinicaltrials.gov,https://clinicaltrials.gov/study/NCT07157774,NCT07157774,RECRUITING
2026-06-01,2026-05-29,Amgen,Olpasiran,trial,OCEAN(a)-PreEvent - Olpasiran Trials of Cardiovascular Events And LipoproteiN(a) Reduction to Prevent First Major Cardiovascular Events,clinicaltrials.gov,https://clinicaltrials.gov/study/NCT07136012,NCT07136012,RECRUITING
2026-06-01,2026-05-25,Eli Lilly,Lepodisiran,press,"A single dose of Lilly's PCSK9 base editor, VERVE-102, reduced PCSK9 by up to 88% and LDL-C by up to 62%, with durable effects supporting its potential as a one-time treatment for hypercholesterolemia",investor.lilly.com,https://investor.lilly.com/news-releases/news-release-details/single-dose-lillys-pcsk9-base-editor-verve-102-reduced-pcsk9-88,,
2026-06-01,2026-05-22,Idorsia / Viatris,Selatogrel,trial,Selatogrel Outcome Study in Suspected Acute Myocardial Infarction,clinicaltrials.gov,https://clinicaltrials.gov/study/NCT04957719,NCT04957719,ENROLLING_BY_INVITATION
2026-06-01,2026-03-03,Verseon,VE-1902,trial,CArdiac Brief INtervention: A Feasibility Study to Promote Engagement With Cardiac Rehabilitation,clinicaltrials.gov,https://clinicaltrials.gov/study/NCT05848674,NCT05848674,COMPLETED
2026-06-01,2026-05-22,Eli Lilly,Orforglipron,trial,A Study of Orforglipron (LY3502970) on Cardiovascular Outcomes in Adults With Atherosclerotic Cardiovascular Disease and/or Chronic Kidney Disease (ATTAIN-Outcomes),clinicaltrials.gov,https://clinicaltrials.gov/study/NCT07241390,NCT07241390,RECRUITING
2026-06-01,2026-05-25,Eli Lilly,Orforglipron,press,"A single dose of Lilly's PCSK9 base editor, VERVE-102, reduced PCSK9 by up to 88% and LDL-C by up to 62%, with durable effects supporting its potential as a one-time treatment for hypercholesterolemia",investor.lilly.com,https://investor.lilly.com/news-releases/news-release-details/single-dose-lillys-pcsk9-base-editor-verve-102-reduced-pcsk9-88,,
2026-06-01,2026-05-22,Eli Lilly,Orforglipron,press,"Foundayo (orforglipron), a once-daily pill taken without food or water restrictions, was associated with reduced body weight of up to 13% in adults 65 and older with obesity or overweight, in new analysis of ATTAIN-1/2",investor.lilly.com,https://investor.lilly.com/news-releases/news-release-details/foundayo-orforglipron-once-daily-pill-taken-without-food-or,,
2026-06-01,2026-05-25,Eli Lilly,Muvalaplin,press,"A single dose of Lilly's PCSK9 base editor, VERVE-102, reduced PCSK9 by up to 88% and LDL-C by up to 62%, with durable effects supporting its potential as a one-time treatment for hypercholesterolemia",investor.lilly.com,https://investor.lilly.com/news-releases/news-release-details/single-dose-lillys-pcsk9-base-editor-verve-102-reduced-pcsk9-88,,
2026-06-05,2026-06-04,Novartis,Pelacarsen,trial,Lp(a) Lowering Study of Pelacarsen (TQJ230) in Patients in the US With Elevated Lp(a) and Recent ACS (STEMI/NSTEMI) - Lp(a)FRONTIERS PEARL,clinicaltrials.gov,https://clinicaltrials.gov/study/NCT07625306,NCT07625306,NOT_YET_RECRUITING
2026-06-05,2026-06-04,Amgen,Olpasiran,trial,OCEAN(a)-PreEvent - Olpasiran Trials of Cardiovascular Events And LipoproteiN(a) Reduction to Prevent First Major Cardiovascular Events,clinicaltrials.gov,https://clinicaltrials.gov/study/NCT07136012,NCT07136012,RECRUITING
2026-06-05,2026-06-05,Bristol Myers Squibb / Janssen,Milvexian,trial,A Study of Milvexian in Participants After a Recent Acute Coronary Syndrome,clinicaltrials.gov,https://clinicaltrials.gov/study/NCT05754957,NCT05754957,COMPLETED
2026-06-05,2026-06-05,Bristol Myers Squibb / Janssen,Milvexian,trial,A Study of Milvexian in Participants After an Acute Ischemic Stroke or High-Risk Transient Ischemic Attack- LIBREXIA-STROKE,clinicaltrials.gov,https://clinicaltrials.gov/study/NCT05702034,NCT05702034,ACTIVE_NOT_RECRUITING
2026-06-05,2026-06-05,Bristol Myers Squibb / Janssen,Milvexian,trial,A Study of Milvexian Versus Apixaban in Participants With Atrial Fibrillation,clinicaltrials.gov,https://clinicaltrials.gov/study/NCT05757869,NCT05757869,ACTIVE_NOT_RECRUITING
2026-06-05,2026-06-04,Eli Lilly,Orforglipron,trial,A Study of Orforglipron (LY3502970) on Cardiovascular Outcomes in Adults With Atherosclerotic Cardiovascular Disease and/or Chronic Kidney Disease (ATTAIN-Outcomes),clinicaltrials.gov,https://clinicaltrials.gov/study/NCT07241390,NCT07241390,RECRUITING
2026-06-05,2026-06-03,Eli Lilly,Muvalaplin,trial,Assessing the Impact of Muvalaplin on Major Cardiovascular Events in Adults With Elevated Lipoprotein(a),clinicaltrials.gov,https://clinicaltrials.gov/study/NCT07157774,NCT07157774,RECRUITING
2026-06-05,,Cyclarity,UDP-003,press,Cyclarity Unveils First-Ever Clinical Data Demonstrating Excretion of Oxidized Cholesterol,cyclaritytx.com,https://cyclaritytx.com/cyclarity-unveils-first-ever-clinical-data-demonstrating-excretion-of-oxidized-cholesterol/,,
2026-06-05,,Cyclarity,UDP-003,press,Cyclarity Therapeutics Secures Approval for First-in-Human Clinical Trial,cyclaritytx.com,https://cyclaritytx.com/cyclarity-secures-approval-for-first-in-human-clinical-trial/,,
2026-06-05,,Cyclarity,UDP-003,press,Cyclarity Therapeutics Announces Clinical Advisory Board,cyclaritytx.com,https://cyclaritytx.com/cyclarity-therapeutics-announces-clinical-advisory-board/,,
2026-06-11,2026-06-10,Novartis,Pelacarsen,trial,An Open Label Extension (OLE) Study (Following Completion of CTQJ230A12301) to Evaluate Long-term Safety and Tolerability of Pelacarsen (TQJ230),clinicaltrials.gov,https://clinicaltrials.gov/study/NCT07517263,NCT07517263,RECRUITING
2026-06-13,2026-05-29,Idorsia / Viatris,Selatogrel,trial,A Trial to Compare What the Body Does to Selatogrel and the Effect of Selatogrel in Chinese Adults With Chronic Coronary Syndrome,clinicaltrials.gov,https://clinicaltrials.gov/study/NCT07615868,NCT07615868,NOT_YET_RECRUITING
2026-06-13,2026-06-05,CureGene,Evategrel,trial,The Pharmacokinetics and Pharmacodynamics Study of CG-0255 Besylate and Plavix® in Healthy Participants,clinicaltrials.gov,https://clinicaltrials.gov/study/NCT07619885,NCT07619885,RECRUITING
2026-06-13,,Vcare PharmaTech / Everest Medicines,Sumecigrel,press,Everest Medicines Enters into Exclusive Asia-Pacific Licensing Agreement with Vcare PharmaTech for Sumecigrel,www.prnewswire.com,https://www.prnewswire.com/apac/news-releases/everest-medicines-enters-into-exclusive-asia-pacific-licensing-agreement-with-vcare-pharmatech-for-sumecigrel-302794558.html,,
2026-06-13,2026-06-11,Vcare PharmaTech / Everest Medicines,Sumecigrel,news,"Everest Medicines Secures Exclusive License for Sumecigrel in Asia-Pacific, Expanding Its Cardiovascular Product Portfolio - ANTARA News",ANTARA News,https://news.google.com/rss/articles/CBMi9gFBVV95cUxQTTVYb3lIcmVrTVNfNFM3MlFaX2J0U3ZrYW9Qb25sYkFuNlAtWjA0QWwyVDZwQXRhU3o1VThIR240bU1vUnhkMWp0Q0VDN0xoZVZRR3NSVml1RnFOckdTTzkwWEhzbVNfejFuWjZxSXpjWjZmUXRzYUJFcDllU1pBbXJhSExzRWwzYXpQeDhGQVRIMkxHLXBMWlZGRDFBOEFKcE5iX19YXzRpOVhoakpDR0tybm5DdTlrTEpmbXJzc3NfWEJGczAxZmJWS3hsWV9iM2dsbTNnNksyVGFHZkxrRVNIc1RYcEp0UkdNNTAzTVBMelFtOXfSAfYBQVVfeXFMUE01WG95SHJla01TXzRTNzJRWl9idFN2a2FvUG9ubGJBbjZQLVowNEFsMlQ2cEF0YVN6NVU4SEduNG1Nb1J4ZDFqdENFQzdMaGVWUUdzUlZpdUZxTnJHU085MFhIc21TX3oxblo2cUl6Y1o2ZlF0c2FCRXA5ZVNaQW1yYUhMc0VsM2F6UHg4RkFUSDJMRy1wTFpWRkQxQThBSnBOYl9fWF80aTlYaGpKQ0dLcm5uQ3U5a0xKZm1yc3NzX1hCRnMwMWZiVkt4bFlfYjNnbG0zZzZLMlRhR2ZMa0VTSHNUWHBKdFJHTTUwM01QTHpRbTl3?oc=5,,
2026-06-13,2026-06-09,Vcare PharmaTech / Everest Medicines,Sumecigrel,news,Everest Medicines expands cardiovascular product portfolio with license agreement for Sumecigrel in Asia-Pacific - BioSpectrum Asia,BioSpectrum Asia,https://news.google.com/rss/articles/CBMi9gFBVV95cUxQclBXMkxSM3M5MmN5LXh3RmQ1ZWtEQUw3azBKSmhWQ3RTUUxZa20yT0x4ODU1MGxpakFWVm40SHdQOEJnUU1FN2hZSnVNbUdCMUpTNlQzNGJBWmw1T3BpcmU0TTFiQjRRS3d2eFNpczZ1UjNyckM4Vm5VQ2wxbUY2Y3pfYkh5NDVjWHZnZU1OVGU3WjB3MlMxUjVVM19BNnMxMEdUR3R4NWp2ZkxNQnA4Q01UR3pWaWZJTFZRekltZHF1dlR4aEU1WGs5SklnVURQUmFfZFl6QllHZWE1UWtCRV8tNlhuUjUtWHJvYXJ2RDhXYThwdlE?oc=5,,
2026-06-13,2026-06-09,Vcare PharmaTech / Everest Medicines,Sumecigrel,news,Everest Medicines Enters into Exclusive Asia-Pacific Licensing Agreement with Vcare PharmaTech for Sumecigrel - IT비즈뉴스,IT비즈뉴스,https://news.google.com/rss/articles/CBMibEFVX3lxTE5Xa0E2RzVqYlBGenUyQ2FxcnVreWxsWXMtWlRhYnZwZldfN05zT0QtLXNQcTUteFdFTFViN21qSHhVaTlrMzVMYlNpYWlQMHNRWm94RzZCTWNYeXNhcHRDdnkyRXQ5cmJRVW5NcA?oc=5,,
2026-06-13,2026-04-09,NewAmsterdam Pharma,Obicetrapib,trial,A CCTA Imaging Trial to Evaluate the Effect of Obicetrapib/Ezetimibe on Coronary Plaque,clinicaltrials.gov,https://clinicaltrials.gov/study/NCT06305559,NCT06305559,ACTIVE_NOT_RECRUITING
2026-06-13,2026-05-27,RiboCure Pharmaceuticals,RBD4059,trial,"A Study to Evaluate Safety, Pharmacokinetics and Pharmacodynamics of RBD4059 in Participants With Stable Coronary Artery Disease",clinicaltrials.gov,https://clinicaltrials.gov/study/NCT06717074,NCT06717074,COMPLETED
2026-06-13,2026-01-16,Cuorips,ReHeart,trial,Endocardial Delivery for Myocardial Regeneration Using Allogeneic iPSC-derived Cardiomyocyte Spheroids for HF With Systolic Dysfunction (EMERALD Study),clinicaltrials.gov,https://clinicaltrials.gov/study/NCT07347197,NCT07347197,NOT_YET_RECRUITING
2026-06-13,2026-05-11,Abcentra,Orticumab,trial,A Proof-of-Activity Study With Orticumab in Subjects With Psoriasis and Cardiometabolic Risk Factors,clinicaltrials.gov,https://clinicaltrials.gov/study/NCT04776629,NCT04776629,COMPLETED
2026-06-19,2026-06-18,Amgen,Olpasiran,trial,OCEAN(a)-PreEvent - Olpasiran Trials of Cardiovascular Events And LipoproteiN(a) Reduction to Prevent First Major Cardiovascular Events,clinicaltrials.gov,https://clinicaltrials.gov/study/NCT07136012,NCT07136012,RECRUITING
2026-06-22,2026-06-22,CureGene,Evategrel,news,First participant receives Evategrel in CureGene’s trial - Clinical Trials Arena,Clinical Trials Arena,https://news.google.com/rss/articles/CBMimgFBVV95cUxNaHFBSkpLUzNYRmtBamNrSkRNanBmMElSdGJFQVZ5V0t6eWZ4OTBtcDV0WGpnSktqS0tiVEtaXzZXcGp3S3FfYVhDcU9GSUl4VnZLdWRiM3pGQ2hpY3ZjNGlTdUJqTVE4eVN4SXhiT2NOdGlDQVBwSWhyNmZXdW16RjFtRm1VN01zSzdBVHB1STJsM2ppM1Zwa2Vn?oc=5,,
